id,prediction
7746,0
4202,0
6632,1
4639,0
4825,0
1076,0
5020,0
4267,0
4003,0
2519,0
1671,0
1962,0
6779,0
5640,0
119,0
2884,0
6666,0
1608,0
8263,0
6927,0
1650,0
3337,0
6664,0
8144,0
4233,0
4649,0
4553,0
9613,0
4301,0
5339,0
1595,1
4812,0
1982,0
3529,0
1954,0
4999,0
4001,0
9471,0
5707,0
5819,0
8404,0
8760,0
4745,1
8196,0
3422,0
1918,0
8980,0
6630,0
7995,0
563,1
1470,0
96,0
1569,0
6071,0
3458,0
8503,0
647,0
3095,0
9486,0
2133,0
9391,0
9579,0
4022,1
7070,0
7871,0
8310,0
6857,0
1188,0
6250,0
3014,0
2930,0
4791,0
2818,0
6227,0
3094,0
6798,0
5273,0
4246,0
3387,0
7295,0
932,0
7756,0
6192,0
8672,0
2755,0
6818,0
5009,0
3209,0
7824,0
7135,0
4977,0
8841,0
39,0
2441,0
3723,0
3,0
958,0
7162,0
9014,0
2543,0
8111,0
6631,0
3125,0
4052,0
5247,0
2138,0
3555,0
1479,0
4418,0
4002,0
965,0
4104,1
3955,0
4284,0
3205,0
9348,0
8231,0
6800,0
6754,0
7470,0
3312,0
7942,1
761,0
3787,0
2498,0
1483,0
2602,0
9299,0
908,0
6383,1
1578,0
668,0
7828,0
6448,0
8505,0
7537,0
2270,0
5378,0
6560,0
5728,1
1220,0
5987,0
8452,0
3026,0
7701,0
3118,0
2758,0
2025,0
8861,1
5196,0
8375,0
2002,1
2110,0
6178,0
2945,0
1413,0
9490,0
9118,0
1046,0
5813,0
360,0
7962,0
9104,0
1527,0
9058,0
321,0
7498,0
2619,0
4588,0
1731,0
4528,0
5255,0
9134,0
8535,1
4113,0
6657,0
8089,0
3001,0
7786,0
7159,0
7148,0
6885,0
4923,0
6064,0
1056,0
5628,0
6647,0
637,0
1765,0
7954,0
7410,0
6483,0
7538,0
7412,0
3592,0
6823,0
4707,0
8962,0
9203,0
8824,0
3620,0
7296,0
251,0
4147,0
4275,0
3064,0
5605,0
2715,0
9617,0
1313,0
1330,0
4397,0
3044,0
1684,0
7676,0
1599,0
14,1
8072,0
1862,0
8727,0
4393,0
4827,0
8358,0
7194,0
3131,0
4100,0
346,0
5749,0
6499,0
2288,1
7398,0
483,0
5417,0
487,0
7726,0
9465,0
7625,0
673,0
6086,0
2870,1
4872,0
5314,0
8112,0
3370,0
6108,0
8253,0
1020,0
2973,0
2753,0
7166,0
8223,0
6117,0
7838,0
5547,0
5798,0
29,0
7923,0
7452,0
1741,0
316,0
4738,0
80,0
2210,0
4965,0
4773,0
9562,0
106,0
2611,0
8500,0
7530,0
7751,0
4587,0
4537,0
6130,0
4265,0
0,0
416,0
6880,0
265,0
3574,0
5733,0
7857,0
5130,0
6252,0
4554,0
5006,0
2055,0
1112,0
7097,0
2233,0
4803,0
2517,0
4766,0
8458,0
8681,1
1149,0
6781,0
8081,0
586,0
7918,0
3815,0
5528,0
367,0
6866,0
1783,0
9247,0
2098,0
4864,0
8395,0
1919,0
9054,0
6247,0
8638,0
713,0
3284,0
2128,0
1775,0
795,0
304,0
6717,1
971,0
6343,0
2903,0
4800,0
2523,0
1277,0
2766,0
8290,0
2067,0
6743,0
6127,1
1180,0
8468,1
623,0
3231,0
4511,0
7922,0
8280,0
9359,0
9412,0
3392,0
6187,0
8593,0
1103,0
8910,0
3396,0
4304,0
6010,0
3838,0
88,0
7354,0
6726,0
9424,0
131,0
1142,0
1897,0
5874,0
4355,0
3798,0
7910,0
7061,0
2533,0
1328,0
1261,0
2109,0
4851,0
2997,1
4684,1
4575,0
2603,0
6578,0
36,0
2373,0
5865,0
3768,0
5205,0
5799,0
47,0
2165,0
5747,0
6055,0
2168,0
8451,0
5262,0
9346,0
2848,0
4686,0
5210,0
9230,0
8057,0
4701,0
4539,0
1626,0
5996,0
4919,0
5549,0
3746,0
9571,0
6714,0
3047,0
8850,0
3509,0
2748,0
6556,0
2389,0
4385,0
1922,0
3082,1
7618,0
2963,0
518,0
4747,0
8051,0
9023,0
6929,0
733,0
4031,0
5504,0
349,0
6730,0
6822,0
8221,0
4248,0
9447,0
4740,0
8689,0
3625,0
5155,0
5665,0
2742,0
2991,0
2252,0
4772,0
764,0
1123,0
6856,0
5505,0
7210,0
543,0
1432,0
1576,0
335,0
2540,0
4829,0
2310,0
4641,0
1147,0
457,0
4417,0
683,0
4842,0
970,0
23,0
5143,0
5770,0
7685,0
9394,0
7662,1
8605,0
5032,0
5857,0
2157,0
7095,0
8887,0
8419,1
1606,0
8856,0
1963,0
2122,0
590,0
6077,0
4459,0
3027,0
7820,1
789,0
9644,0
2620,0
1245,0
5035,0
6461,0
4567,0
765,0
3520,0
3194,0
9463,0
3298,0
8239,0
7336,0
8626,0
1183,1
3772,0
6492,0
2213,0
2894,0
1155,0
1683,0
6094,0
7223,0
2446,0
9083,0
1512,1
2908,0
5321,0
921,0
8233,1
6358,0
6224,0
6060,0
6723,0
1295,0
567,0
5168,0
2388,0
2586,0
1877,0
9081,0
782,0
3401,0
4868,0
286,0
3123,0
4503,0
5465,0
6854,0
1297,0
7747,0
3781,0
8709,0
169,0
267,0
952,0
315,0
4921,0
5398,0
245,0
5459,0
7958,0
50,0
1732,0
4756,0
6066,0
1760,0
1941,0
2423,0
8203,0
7185,0
7553,0
9010,0
856,0
3438,0
2337,0
3187,0
2718,0
7071,0
577,0
9466,0
447,0
2515,0
9338,0
3577,0
8732,0
3050,0
4898,0
9457,0
7763,0
2232,0
8268,0
318,0
2510,0
3105,0
3776,0
8636,0
2260,0
5682,0
4453,0
9139,0
8101,0
5344,0
8774,0
2231,0
5861,1
274,0
2149,0
3522,0
2473,0
4922,0
1543,0
1550,0
7181,0
960,0
8819,0
5107,0
1791,0
7129,1
7375,0
7032,0
6734,0
1400,0
1034,0
1880,0
5781,0
8170,0
9543,0
6975,0
9290,0
3963,0
3445,0
3794,0
474,0
6554,0
4084,0
5395,0
7610,0
5316,0
6282,0
2175,0
8651,0
3381,0
2554,0
3002,0
2328,1
8255,0
7380,0
6118,0
4043,0
3208,0
624,0
1472,0
3185,0
3582,0
5840,0
9616,0
3060,0
582,0
9461,0
9223,1
4981,0
8092,0
7155,0
76,0
5375,0
4201,0
9279,0
4613,0
592,0
9028,0
7718,0
4518,0
4504,0
5159,0
3122,0
9636,0
5743,1
4111,0
8918,0
7441,0
6319,0
1068,0
7477,0
1662,0
8131,0
2688,0
6959,0
1793,0
8218,0
5795,0
6952,0
7660,0
1372,0
5358,0
7189,0
3519,0
5007,0
7078,0
4819,0
8951,0
3617,0
93,0
2272,0
2251,0
3057,0
1087,0
4982,0
5337,0
6237,0
7132,1
1145,0
6468,0
7619,0
1453,0
9284,0
794,0
8293,0
1315,0
4767,0
4782,0
5224,0
8950,1
1745,0
9546,0
7908,0
9132,0
5365,0
8402,0
9088,0
2215,0
7235,0
2615,0
3846,1
7502,0
5593,0
8522,0
5550,0
3543,0
4315,1
5785,0
4574,0
1383,0
8888,0
2036,1
1247,0
4371,0
5968,0
5048,0
9164,0
107,0
2199,0
8906,0
8484,0
8911,0
5350,0
9403,0
2954,0
3979,0
8214,0
3608,0
700,0
1562,0
7834,0
1513,0
7050,0
3282,0
5660,0
4541,0
33,0
5431,0
8453,0
7448,0
103,0
330,1
9229,0
4556,0
292,0
8396,0
333,0
5211,0
1418,0
5460,0
9464,0
1851,0
8882,0
5354,0
3497,0
7542,0
2249,0
4640,0
6079,0
603,0
500,0
7573,0
8508,0
9425,0
1355,0
6487,0
3424,0
95,0
1071,0
5500,0
6101,0
6926,0
248,0
3332,0
2183,0
3038,0
8885,0
7481,0
7609,0
4041,0
6255,0
7225,0
7007,0
4050,0
7170,0
6211,0
6113,0
5461,0
8912,0
7661,0
6070,0
2682,0
2826,0
1746,0
1785,0
8719,0
8986,1
3100,0
5958,1
2287,0
1018,0
6569,0
1981,0
144,0
2167,0
19,0
3070,0
7711,0
5650,0
9399,0
1616,0
1568,0
2935,0
1224,0
6437,0
2412,0
6009,0
2145,0
9610,0
2862,0
8509,0
2724,0
7038,0
4936,0
6386,0
3692,0
1718,0
381,0
6848,0
8514,0
9557,0
5599,0
108,0
1631,0
1642,0
4099,0
1516,0
6576,0
7654,0
3487,1
5180,0
8099,0
3031,0
6715,0
388,1
2228,0
8342,0
6650,0
2534,0
7267,1
620,0
4075,0
3649,0
4226,0
8094,0
8741,0
7835,0
8482,0
8412,1
2678,0
9042,0
1544,0
7829,0
2447,0
4625,0
743,0
222,0
5973,0
2348,0
4877,0
5270,0
7289,0
4237,0
7222,0
2191,0
2609,0
7016,0
3355,0
4309,0
4797,0
8370,0
8454,0
353,0
6613,0
4074,0
1217,0
2737,0
239,0
4343,0
3460,0
1393,1
2759,0
5193,0
1805,0
8981,0
6176,0
6611,0
92,0
1665,0
2683,0
439,0
1175,0
4932,0
8184,0
2684,0
9362,0
4054,0
2771,0
7376,0
1740,0
5216,0
6708,0
9521,0
9442,0
7677,0
8777,0
2291,0
7442,0
2485,1
5272,0
8931,0
9018,0
8469,0
9090,0
1803,0
2004,0
1084,0
7093,0
6328,0
8028,0
2513,0
10,0
4326,0
4057,0
8944,0
4394,0
7608,0
4141,0
906,0
7845,0
1488,0
7599,0
5933,0
7703,0
6562,0
4245,0
3616,0
7094,0
2932,0
6792,0
6911,0
1373,0
2492,0
9271,1
8012,1
2456,0
4984,0
6521,0
